INSERT INTO EVENTO (ID_EVENTO, NOMBRE_EVENTO, FECHA_INICIO_EVENTO, LOCALIDAD) 
VALUES (1,'San Breixo', '2014-12-15','Barro, Pontevedra');
INSERT INTO EVENTO (ID_EVENTO, NOMBRE_EVENTO, FECHA_INICIO_EVENTO, LOCALIDAD) 
VALUES (2,'San Froilan','2014-12-15','Plaza Aguas Ferreas, Lugo');

INSERT INTO EVENTO (ID_EVENTO, NOMBRE_EVENTO, FECHA_INICIO_EVENTO, LOCALIDAD) 
VALUES (3,'Evento Navidad', '2014-12-25','Direccion evento Navidad');
INSERT INTO EVENTO (ID_EVENTO, NOMBRE_EVENTO, FECHA_INICIO_EVENTO, LOCALIDAD) 
VALUES (4,'Evento Fin de Año','2014-12-31','Direccion evento fin de año');

INSERT INTO MUSICO (ID_MUSICO, NOMBRE_MUSICO, DIRECCION, INSTRUMENTO) 
VALUES (1,'Pedro Lopez','Direccion de Pedro','Guitarra');
INSERT INTO MUSICO (ID_MUSICO, NOMBRE_MUSICO, DIRECCION, INSTRUMENTO) 
VALUES (2,'Juan Rodriguez','Direccion de Juan','Bajo');
INSERT INTO MUSICO (ID_MUSICO, NOMBRE_MUSICO, DIRECCION, INSTRUMENTO) 
VALUES (3,'Ana','Direccion de Ana','Teclado');
INSERT INTO MUSICO (ID_MUSICO, NOMBRE_MUSICO, DIRECCION, INSTRUMENTO) 
VALUES (4,'Alvaro','Direccion de Pedro','Bateria');

INSERT INTO MUSICO (ID_MUSICO, NOMBRE_MUSICO, DIRECCION, INSTRUMENTO) 
VALUES (5,'George Harrison','Direccion de George','Guitarra y voces');
INSERT INTO MUSICO (ID_MUSICO, NOMBRE_MUSICO, DIRECCION, INSTRUMENTO) 
VALUES (6,'Paul McCartney','Direccion de Paul','Bajo y voces');
INSERT INTO MUSICO (ID_MUSICO, NOMBRE_MUSICO, DIRECCION, INSTRUMENTO) 
VALUES (7,'John Lennon','Direccion de John','Guitarra y voces');
INSERT INTO MUSICO (ID_MUSICO, NOMBRE_MUSICO, DIRECCION, INSTRUMENTO) 
VALUES (8,'Ringo Star','Direccion de Ringo','Bateria y voces');
INSERT INTO MUSICO (ID_MUSICO, NOMBRE_MUSICO, DIRECCION, INSTRUMENTO) 

VALUES (9,'Pete Townshend','Direccion de Pete','Guitarra y voces');
INSERT INTO MUSICO (ID_MUSICO, NOMBRE_MUSICO, DIRECCION, INSTRUMENTO) 
VALUES (10,'John Entwistle','Direccion de John','Bajo');
INSERT INTO MUSICO (ID_MUSICO, NOMBRE_MUSICO, DIRECCION, INSTRUMENTO) 
VALUES (11,'Roger Daltrey','Direccion de Roger','Voz');
INSERT INTO MUSICO (ID_MUSICO, NOMBRE_MUSICO, DIRECCION, INSTRUMENTO) 
VALUES (12,'Keith Moon','Direccion de Keith','Bateria');

INSERT INTO GRUPO (ID_GRUPO, NOMBRE_ORQUESTA, SALARIO_ACTUACION) 
VALUES (1,'Combo Dominicano',5000);
INSERT INTO GRUPO (ID_GRUPO, NOMBRE_ORQUESTA, SALARIO_ACTUACION) 
VALUES (2,'Grupo insuperabe',250000);
INSERT INTO GRUPO (ID_GRUPO, NOMBRE_ORQUESTA, SALARIO_ACTUACION) 
VALUES (3,'The Who',25000);

INSERT INTO MUSICO_GRUPO (ID_MUSICO_GRUPO, ID_MUSICO, ID_GRUPO) 
VALUES (1, 1, 1);
INSERT INTO MUSICO_GRUPO (ID_MUSICO_GRUPO, ID_MUSICO, ID_GRUPO) 
VALUES (2, 2, 1);
INSERT INTO MUSICO_GRUPO (ID_MUSICO_GRUPO, ID_MUSICO, ID_GRUPO) 
VALUES (3, 3, 1);
INSERT INTO MUSICO_GRUPO (ID_MUSICO_GRUPO, ID_MUSICO, ID_GRUPO) 
VALUES (4, 4, 1);

INSERT INTO MUSICO_GRUPO (ID_MUSICO_GRUPO, ID_MUSICO, ID_GRUPO) 
VALUES (5, 5, 2);
INSERT INTO MUSICO_GRUPO (ID_MUSICO_GRUPO, ID_MUSICO, ID_GRUPO) 
VALUES (6, 6, 2);
INSERT INTO MUSICO_GRUPO (ID_MUSICO_GRUPO, ID_MUSICO, ID_GRUPO) 
VALUES (7, 7, 2);
INSERT INTO MUSICO_GRUPO (ID_MUSICO_GRUPO, ID_MUSICO, ID_GRUPO) 
VALUES (8, 8, 2);

INSERT INTO MUSICO_GRUPO (ID_MUSICO_GRUPO, ID_MUSICO, ID_GRUPO) 
VALUES (9, 5, 2);
INSERT INTO MUSICO_GRUPO (ID_MUSICO_GRUPO, ID_MUSICO, ID_GRUPO) 
VALUES (10, 6, 2);
INSERT INTO MUSICO_GRUPO (ID_MUSICO_GRUPO, ID_MUSICO, ID_GRUPO) 
VALUES (11, 7, 2);
INSERT INTO MUSICO_GRUPO (ID_MUSICO_GRUPO, ID_MUSICO, ID_GRUPO) 
VALUES (12, 8, 2);

INSERT INTO GRUPO_EVENTO (ID_GRUPO_EVENTO, FECHA_ACTUACION, ID_EVENTO, ID_GRUPO)
VALUES (1, '2014-12-15', 1, 1);
INSERT INTO GRUPO_EVENTO (ID_GRUPO_EVENTO, FECHA_ACTUACION, ID_EVENTO, ID_GRUPO)
VALUES (2, '2014-12-12', 2, 1);

INSERT INTO GRUPO_EVENTO (ID_GRUPO_EVENTO, FECHA_ACTUACION, ID_EVENTO, ID_GRUPO)
VALUES (3, '2014-12-25', 3, 2);
INSERT INTO GRUPO_EVENTO (ID_GRUPO_EVENTO, FECHA_ACTUACION, ID_EVENTO, ID_GRUPO)
VALUES (4, '2014-12-31', 4, 2);

INSERT INTO GRUPO_EVENTO (ID_GRUPO_EVENTO, FECHA_ACTUACION, ID_EVENTO, ID_GRUPO)
VALUES (5, '2014-12-31', 4, 3);

